{
  "evaluation_0": {
    "accuracy": 0.7604,
    "precision": 0.7814945166270042,
    "recall": 0.7476996160012748,
    "f1": 0.7605670655431122,
    "confusion_matrix": [
      [
        7358,
        107,
        3110
      ],
      [
        123,
        8408,
        3033
      ],
      [
        1750,
        1461,
        14650
      ]
    ],
    "average_confidence": 0.7616670095431031
  }
}
